Town,County
Andover,Tolland County
Ansonia,New Haven County
Ashford,Windham County
Avon,Hartford County
Barkhamsted,Litchfield County
Beacon Falls,New Haven County
Berlin,Hartford County
Bethany,New Haven County
Bethel,Fairfield County
Bethlehem,Litchfield County
Bloomfield,Hartford County
Bolton,Tolland County
Bozrah,New London County
Branford,New Haven County
Bridgeport,Fairfield County
Bridgewater,Litchfield County
Bristol,Hartford County
Brookfield,Fairfield County
Brooklyn,Windham County
Burlington,Hartford County
Canaan,Litchfield County
Canterbury,Windham County
Canton,Hartford County
Chaplin,Windham County
Cheshire,New Haven County
Chester,Middlesex County
Clinton,Middlesex County
Colchester,New London County
Colebrook,Litchfield County
Columbia,Tolland County
Cornwall,Litchfield County
Coventry,Tolland County
Cromwell,Middlesex County
Danbury,Fairfield County
Darien,Fairfield County
Deep River,Middlesex County
Derby,New Haven County
Durham,Middlesex County
East Granby,Hartford County
East Haddam,Middlesex County
East Hampton,Middlesex County
East Hartford,Hartford County
East Haven,New Haven County
East Lyme,New London County
East Windsor,Hartford County
Eastford,Windham County
Easton,Fairfield County
Ellington,Tolland County
Enfield,Hartford County
Essex,Middlesex County
Fairfield,Fairfield County
Farmington,Hartford County
Franklin,New London County
Glastonbury,Hartford County
Goshen,Litchfield County
Granby,Hartford County
Greenwich,Fairfield County
Griswold,New London County
Groton,New London County
Guilford,New Haven County
Haddam,Middlesex County
Hamden,New Haven County
Hampton,Windham County
Hartford,Hartford County
Hartland,Hartford County
Harwinton,Litchfield County
Hebron,Tolland County
Kent,Litchfield County
Killingly,Windham County
Killingworth,Middlesex County
Lebanon,New London County
Ledyard,New London County
Lisbon,New London County
Litchfield,Litchfield County
Lyme,New London County
Madison,New Haven County
Manchester,Hartford County
Mansfield,Tolland County
Marlborough,Hartford County
Meriden,New Haven County
Middlebury,New Haven County
Middlefield,Middlesex County
Middletown,Middlesex County
Milford,New Haven County
Monroe,Fairfield County
Montville,New London County
Morris,Litchfield County
Naugatuck,New Haven County
New Britain,Hartford County
New Canaan,Fairfield County
New Fairfield,Fairfield County
New Hartford,Litchfield County
New Haven,New Haven County
New London,New London County
New Milford,Litchfield County
Newington,Hartford County
Newtown,Fairfield County
Norfolk,Litchfield County
North Branford,New Haven County
North Canaan,Litchfield County
North Haven,New Haven County
North Stonington,New London County
Norwalk,Fairfield County
Norwich,New London County
Old Lyme,New London County
Old Saybrook,Middlesex County
Orange,New Haven County
Oxford,New Haven County
Plainfield,Windham County
Plainville,Hartford County
Plymouth,Litchfield County
Pomfret,Windham County
Portland,Middlesex County
Preston,New London County
Prospect,New Haven County
Putnam,Windham County
Redding,Fairfield County
Ridgefield,Fairfield County
Rocky Hill,Hartford County
Roxbury,Litchfield County
Salem,New London County
Salisbury,Litchfield County
Scotland,Windham County
Seymour,New Haven County
Sharon,Litchfield County
Shelton,Fairfield County
Sherman,Fairfield County
Simsbury,Hartford County
Somers,Tolland County
South Windsor,Hartford County
Southbury,New Haven County
Southington,Hartford County
Sprague,New London County
Stafford,Tolland County
Stamford,Fairfield County
Sterling,Windham County
Stonington,New London County
Stratford,Fairfield County
Suffield,Hartford County
Thomaston,Litchfield County
Thompson,Windham County
Tolland,Tolland County
Torrington,Litchfield County
Trumbull,Fairfield County
Union,Tolland County
Vernon,Tolland County
Voluntown,New London County
Wallingford,New Haven County
Warren,Litchfield County
Washington,Litchfield County
Waterbury,New Haven County
Waterford,New London County
Watertown,Litchfield County
West Hartford,Hartford County
West Haven,New Haven County
Westbrook,Middlesex County
Weston,Fairfield County
Westport,Fairfield County
Wethersfield,Hartford County
Willington,Tolland County
Wilton,Fairfield County
Winchester,Litchfield County
Windham,Windham County
Windsor,Hartford County
Windsor Locks,Hartford County
Wolcott,New Haven County
Woodbridge,New Haven County
Woodbury,Litchfield County
Woodstock,Windham County
